ID;Фамилия;Email;Дата регистрации;Сайт
1;Callahan;urangel@espinoza-francis.net;2020-08-26;espinoza-francis.net
2;Ferrell;xreese@hall-donovan.com;2020-04-27;http://www.escobar.org
3;Andersen;haleybraun@blevins-sexton.com;2022-03-22;hall-donovan.com
4;Ponce;hohailey@anthony.com;2020-07-02;https://tyler-pugh.info
5;Mccormick;alvaradojesse@rangel-shields.com;2021-01-17;https://www.mack-bell.net
6;Lee;briangriffin@chang.org;2021-08-13;blevins-sexton.com
7;Hoffman;bauergerald@morrison.com;2020-04-09;https://delacruz-freeman.org
8;Wiggins;changkellie@howell.com;2021-04-02;anthony.com
9;Payne;mayerjerome@hurst-graham.net;2020-11-26;rangel-shields.com
10;Franco;kentryan@stone-oneill.com;2021-06-29;https://welch.info
11;Hawkins;danielbuckley@hatfield.info;2021-05-02;https://www.roberts.com
12;Shaffer;gabrielaleach@rose.net;2021-04-07;chang.org
13;Moran;cartermallory@chung.com;2020-02-28;http://www.holt.com
14;Hammond;lweeks@hooper.org;2022-03-03;morrison.com
15;Blackwell;calhounalisha@hardin.net;2021-03-30;http://carlson.com
16;Newton;ypayne@gaines.biz;2020-08-09;howell.com
17;Archer;nwu@brady-chen.com;2021-05-21;https://www.glenn-snow.com
18;Griffin;harold11@mullen.org;2021-06-02;hurst-graham.net
19;Valencia;andrewsanders@marks.com;2021-04-17;http://ruiz.com
20;Ramsey;amy99@booker.com;2020-12-30;stone-oneill.com
21;Meadows;basschristian@faulkner.com;2020-01-01;https://www.newman.com
22;Brock;ldelacruz@spence.com;2021-06-27;hatfield.info
23;Pope;hayleyritter@price.net;2020-05-19;rose.net
24;Stanton;yhebert@hays-rivera.com;2020-01-23;https://www.hoffman-rubio.com
25;Flynn;austinhobbs@briggs.com;2020-09-05;chung.com
26;Williamson;zramos@haney.org;2020-03-06;https://hinton.info
27;Calderon;shelley82@jarvis.com;2021-06-17;hooper.org
28;Walton;sharigriffin@cameron.com;2020-11-15;https://bush-huynh.org
29;Mack;rpace@huynh.com;2021-03-01;https://barker-bishop.info
30;Jacobson;emullins@simpson-christensen.com;2021-09-02;hardin.net
31;Harper;patricialeach@hernandez.biz;2020-07-06;gaines.biz
32;Mayer;mindy15@fuentes.org;2020-07-15;https://figueroa.com
33;Owens;jake39@little.com;2022-01-02;brady-chen.com
34;Davies;mhudson@hardin.com;2021-03-09;http://www.callahan.net
35;Cruz;nlane@kane-pennington.com;2022-05-03;mullen.org
36;Hubbard;savannah10@simpson.com;2021-03-17;http://www.mclaughlin-hubbard.net
37;Bennett;cristian16@hill-beard.com;2021-01-12;http://www.myers.com
38;Hansen;jasmineaustin@whitehead.info;2020-01-14;marks.com
39;Foster;samuel97@wyatt.com;2020-10-29;http://www.larsen-floyd.biz
40;Medina;karlgarrett@fischer.biz;2020-03-02;booker.com
41;Santana;biancahenry@hernandez.org;2021-06-11;faulkner.com
42;Moreno;marisa13@hickman.com;2022-02-12;https://chavez.com
43;Bush;billymorris@lambert-irwin.com;2020-02-13;spence.com
44;Davenport;barry91@howe.info;2020-05-10;https://www.norman.org
45;Terry;kdavies@owen-humphrey.info;2021-01-04;http://www.moyer.com
46;Esparza;gregghendricks@conner-weiss.info;2020-09-24;price.net
47;Richard;alfredbradford@perry.com;2022-04-17;http://young.com
48;Moore;ngilmore@bush.net;2021-12-25;hays-rivera.com
49;Gillespie;vgilbert@romero.biz;2020-06-23;http://huerta-cordova.info
50;Lin;dgould@graham-winters.com;2021-10-06;briggs.com
51;Thomas;fsuarez@cooper-montes.biz;2021-10-21;http://www.allison-clements.com
52;Fischer;natasha83@delacruz-edwards.com;2020-01-26;haney.org
53;West;mbonilla@hampton.com;2020-01-22;jarvis.com
54;Morton;basskaylee@lynn-gill.biz;2021-08-19;http://www.larsen.org
55;Guerra;lfaulkner@villanueva.com;2022-05-12;cameron.com
56;Shelton;maystiffany@davidson.com;2022-04-21;https://quinn.biz
57;Meza;katie69@romero.net;2020-11-12;huynh.com
58;Tapia;valerie35@olsen.com;2020-10-11;http://www.macdonald-lyons.com
59;Powell;ivanhiggins@charles-estrada.com;2021-09-30;simpson-christensen.com
60;Irwin;xcallahan@cantu.com;2021-06-26;http://www.guerra-armstrong.com
61;Hodge;melvindrake@friedman-bradley.com;2021-10-22;hernandez.biz
62;Drake;carpentergary@vance-weeks.com;2022-03-03;http://www.barajas-hendrix.com
63;Tran;duartejohnathan@pennington.com;2020-09-02;fuentes.org
64;Webster;zbrock@blevins-payne.com;2020-03-10;http://perkins.com
65;Mcclure;phelpsandres@hartman-cooper.org;2021-03-15;https://mckee-hill.net
66;Wu;nataliefarley@richardson.com;2021-10-05;little.com
67;Bridges;daisyblair@walsh-holmes.org;2021-12-05;https://www.bray.com
68;Washington;thomasnicholas@blankenship-ford.com;2021-09-26;hardin.com
69;Ayala;hburke@duke-mcmahon.com;2020-12-05;kane-pennington.com
70;Hooper;lonnielittle@hoffman-meadows.com;2020-03-15;https://www.tran.net
71;Robbins;qmcdaniel@cruz.net;2020-12-20;https://www.velazquez-wright.com
72;Cobb;austinvang@glenn.com;2021-06-22;simpson.com
73;Salas;shortfrederick@cobb.net;2020-01-12;https://www.frederick.com
74;Long;yolanda69@rosario.com;2022-01-09;hill-beard.com
75;Kemp;michaela80@russell.com;2020-07-21;whitehead.info
76;Horn;ashley39@garrison.com;2020-02-26;https://www.graves.info
77;Spears;alan50@hobbs.info;2021-09-13;wyatt.com
78;Ortiz;hsantos@lopez.info;2020-05-21;https://www.schmitt.com
79;Ortega;robbinsgordon@dyer-kim.info;2021-09-29;fischer.biz
80;Cantu;meghanfernandez@patel-todd.com;2020-11-02;http://www.nicholson.org
81;Pittman;gabrielarobbins@hawkins-bernard.com;2020-09-05;http://www.gates.net
82;Cowan;qlarson@berry.biz;2021-09-24;hernandez.org
83;Chen;hmorgan@olson.com;2020-04-30;hickman.com
84;Stanley;charlottemercer@hensley.net;2020-12-12;https://www.gillespie.biz
85;Gallegos;escobarisabella@harrell-santiago.info;2020-10-13;http://www.zhang.com
86;Pruitt;jessica36@hart.com;2021-08-17;lambert-irwin.com
87;Vaughan;ellen80@bonilla.com;2020-10-22;howe.info
88;Bautista;chavezrandall@mckinney-stafford.net;2020-05-27;https://www.davenport.com
89;Chase;gravesgrace@molina.org;2020-06-23;owen-humphrey.info
90;Hurley;hhuerta@morris-case.info;2021-04-25;http://www.grimes-summers.com
91;Huang;ydavid@potter.com;2022-05-16;conner-weiss.info
92;Cummings;colealexander@turner.biz;2020-09-20;http://harris.net
93;Jackson;carpenterkylie@chambers-frost.com;2021-02-11;perry.com
94;Chapman;adrian55@gardner-gaines.com;2022-04-14;https://www.delacruz.com
95;Cortez;bonillaalex@cervantes.org;2021-03-20;https://www.tyler.com
96;Hendrix;maureen18@barr.org;2020-12-24;bush.net
97;Buchanan;ocole@sanders-lowery.net;2020-04-22;https://www.long-hickman.com
98;Moore;spencerbright@powell.biz;2021-12-10;romero.biz
99;Tanner;dawncoffey@barker.com;2022-05-15;https://johns-sharp.com
100;Sims;anthonyzuniga@tucker.com;2021-07-27;graham-winters.com
101;Strong;carrillokenneth@bowman-montoya.com;2021-10-22;http://mcgrath.org
102;Mullins;mercedes11@floyd-hall.com;2021-07-24;cooper-montes.biz
103;Rush;dominguezparker@preston.net;2021-12-12;delacruz-edwards.com
104;Hurst;vernonrush@harvey.com;2020-06-30;https://spencer.com
105;Collier;samantha34@mccarthy.com;2020-04-11;https://www.lindsey.org
106;Sanchez;joconnor@cooley.com;2021-07-09;hampton.com
107;Manning;toddmcmahon@beard-lambert.com;2021-01-24;lynn-gill.biz
108;Forbes;veronicablankenship@pace.com;2020-03-02;https://www.leblanc.com
109;Ryan;swarren@buck-roach.com;2020-06-24;villanueva.com
110;Short;garymelton@petersen-lam.org;2020-01-03;https://giles-newton.com
111;Henry;mathisgloria@house-hamilton.org;2020-07-05;davidson.com
112;West;patrickfelicia@goodwin.org;2020-12-29;https://richmond.com
113;Gallagher;hortonmiguel@mays-rivers.org;2021-02-06;https://nolan.com
114;Wiley;preston76@house.com;2020-08-07;romero.net
115;Merritt;moneal@hudson.biz;2021-04-10;olsen.com
116;Mejia;beckyshaw@bradley-booth.com;2021-07-23;http://www.fernandez-fisher.com
117;Alvarez;kanthony@osborne.com;2020-08-30;https://www.mcneil.com
118;Berger;alexandraroy@juarez-kane.com;2020-05-23;charles-estrada.com
119;Daniel;ckhan@underwood.net;2020-03-25;cantu.com
120;Mueller;joe34@salazar.com;2022-05-13;https://www.nguyen.com
121;Middleton;vernon36@browning.info;2021-06-28;https://www.cain-allen.com
122;Fletcher;pammorales@james-benjamin.net;2021-03-17;friedman-bradley.com
123;Wong;paulcastaneda@burke.com;2021-09-29;vance-weeks.com
124;Brock;sarahpotts@bradford.com;2020-05-07;https://www.snow.org
125;Petersen;wwhite@perez.com;2021-09-12;https://www.knight.net
126;Fuller;orice@drake.com;2020-10-04;pennington.com
127;Klein;damon39@terrell.com;2020-02-13;blevins-payne.com
128;Richards;watkinsevan@ward.biz;2021-12-20;http://www.rush.biz
129;Fitzpatrick;meredith05@lawrence-shaw.com;2020-06-17;http://www.levine.com
130;Gregory;lacey04@cross.com;2021-10-28;hartman-cooper.org
131;Mckay;travisfoley@brandt.com;2021-05-25;richardson.com
132;Rhodes;hmccarty@sharp.biz;2022-01-15;http://carrillo.com
133;Byrd;alisonsanders@durham.com;2020-04-26;walsh-holmes.org
134;Miller;bjordan@small-black.com;2022-01-15;https://www.trevino.info
135;Marsh;damonhowe@larsen.org;2021-07-15;https://www.wagner.org
136;Paul;tasha85@wilson.biz;2021-11-27;blankenship-ford.com
137;Oconnell;oneilldamon@spencer.com;2021-09-26;https://www.copeland.org
138;Bradshaw;weaverclinton@zamora.org;2021-12-25;duke-mcmahon.com
139;Chase;xtapia@hensley.info;2022-04-25;http://moyer.com
140;Crawford;fenglish@warner.net;2021-11-18;hoffman-meadows.com
141;Vance;brendanbarrera@gill-thornton.info;2022-04-17;cruz.net
142;Sanford;peggy95@park.info;2021-05-18;https://www.acevedo-macdonald.net
143;Singleton;kerriray@owen-stone.info;2021-10-29;https://deleon.com
144;Sutton;nichole45@michael.org;2021-09-19;glenn.com
145;Eaton;daltonrangel@prince.biz;2021-04-27;https://www.roach.com
146;Huff;vmyers@novak-delacruz.biz;2021-08-01;cobb.net
147;Pollard;weavermeagan@sampson.com;2020-03-02;http://www.blankenship.com
148;Hunter;hebertdarin@kidd.com;2020-03-22;rosario.com
149;Miles;elizabethcopeland@morris-moss.info;2021-09-17;http://www.terrell.com
150;May;cannonshirley@carson-dorsey.com;2021-09-08;russell.com
151;Garza;dana05@hester.net;2021-01-23;https://www.rodgers.biz
152;Brown;willie99@snyder.com;2021-09-08;garrison.com
153;Oconnell;lunakirsten@zimmerman-salinas.org;2020-06-15;hobbs.info
154;Garrett;marthaguerra@anderson.com;2020-04-30;https://valdez-li.org
155;Bender;joanne07@pennington.com;2020-10-12;lopez.info
156;Harrison;jerry26@hudson-acevedo.net;2020-10-31;http://whitehead.info
157;Fowler;katie93@norris.biz;2020-08-27;http://barr-salas.org
158;Golden;gacosta@stephenson-tyler.biz;2020-03-31;dyer-kim.info
159;Lawson;madisoncarey@spence-beck.info;2020-10-31;patel-todd.com
160;Vaughan;kari95@henry.org;2021-01-31;http://schaefer.com
161;Hoover;tiffany09@perkins.com;2021-05-27;hawkins-bernard.com
162;Boyle;davefarmer@neal-farrell.org;2022-01-13;http://www.benson-keller.com
163;Noble;lydiameyers@frederick.com;2020-06-24;http://www.potts-conrad.com
164;Molina;timothyrivera@wade-galloway.net;2020-09-18;berry.biz
165;Christian;harmonmadison@finley-clarke.net;2020-10-19;olson.com
166;Estes;vincent58@norton.com;2021-02-08;https://ibarra.com
167;Myers;brandibarker@peterson.net;2021-07-05;hensley.net
168;Barker;lindsayrocha@preston.org;2021-07-03;http://watson-frye.org
169;Huerta;daniel75@hansen.com;2020-09-17;https://kirk-skinner.com
170;Knight;eschultz@salas.com;2020-08-05;harrell-santiago.info
171;Booth;perry87@nichols.biz;2021-10-12;hart.com
172;Guerra;frederickmisty@carpenter-nielsen.net;2021-01-25;https://www.mccormick.biz
173;Murillo;jodonnell@oliver.com;2021-05-18;http://jefferson.com
174;Lawrence;ehampton@lopez-brandt.org;2021-03-16;bonilla.com
175;Ewing;evansstuart@griffin.org;2021-12-16;https://www.anthony.net
176;Pacheco;kristina23@carr-arias.com;2020-05-05;mckinney-stafford.net
177;Browning;gabriellanorton@robertson.org;2021-04-17;molina.org
178;Woods;lonnieguerra@cooke.com;2020-10-17;http://wise-mendez.com
179;Lopez;cowandeanna@house.com;2020-11-24;https://zimmerman.com
180;Small;reginahancock@walker.org;2021-01-17;morris-case.info
181;Kirk;jasmin18@juarez-richmond.com;2021-04-25;potter.com
182;Arellano;sandy44@thomas.com;2020-11-13;http://sampson-marshall.biz
183;Hayden;gravesalisha@harrell.info;2021-11-24;http://www.atkinson-may.com
184;Bullock;bcole@stevens.com;2020-03-23;turner.biz
185;Leonard;jessica41@klein.biz;2020-10-19;chambers-frost.com
186;Mcfarland;guymorrow@romero-owen.com;2020-06-14;http://henry.com
187;Steele;manuel95@holden-franklin.com;2020-09-27;gardner-gaines.com
188;Boone;yreyes@rowe.com;2020-01-29;https://www.gutierrez-lloyd.com
189;Moyer;russorussell@galloway.biz;2020-12-30;cervantes.org
190;Reese;craigwhitney@carrillo.info;2020-04-10;http://www.mayer.com
191;Bullock;cwolf@arellano.com;2021-09-30;barr.org
192;Paul;bweaver@levy.info;2020-04-10;http://mccarty-meza.info
193;Cardenas;wflynn@andersen.com;2021-03-10;http://www.price.com
194;Velez;pcannon@choi.com;2021-04-17;sanders-lowery.net
195;Collins;luis12@buck.com;2020-11-06;powell.biz
196;Harper;fieldskelly@blackburn.biz;2020-03-22;https://wall-reid.com
197;Serrano;vwhite@peterson-gould.com;2022-03-17;barker.com
198;Robbins;cuevasgeorge@navarro-mcmahon.com;2022-03-24;https://newton-esparza.net
199;Abbott;breanna32@mayer.net;2020-12-31;tucker.com
200;Cantrell;kwarner@barrera.org;2021-09-04;http://moran.com
201;Washington;sharpgreg@rubio-garrison.org;2021-03-01;https://allison.info
202;Suarez;usloan@harrington.com;2022-01-16;bowman-montoya.com
203;Washington;ariana05@kelly-arellano.com;2021-01-10;floyd-hall.com
204;Hamilton;edward56@parks.biz;2020-10-02;https://bates-christian.biz
205;Fletcher;gcollier@golden.com;2021-08-22;preston.net
206;Morse;woodsdevin@maldonado.org;2020-05-17;http://hill.com
207;Pruitt;mcbridekylie@mcdowell-christensen.com;2020-10-21;harvey.com
208;Peterson;rothkerry@atkins-porter.com;2021-08-04;http://www.hurst-johnston.info
209;Pearson;jerrygates@garner.net;2022-01-13;mccarthy.com
210;Meadows;jack76@compton.com;2021-09-09;https://hendrix-pittman.biz
211;Dickson;kaitlinbooth@hurley.com;2020-08-17;cooley.com
212;Shannon;hillterrance@gamble.info;2021-02-01;https://jones.com
213;Vasquez;mosleyross@lawrence.com;2021-01-28;http://hurley.org
214;Oconnell;malik63@frazier-nichols.biz;2022-03-03;beard-lambert.com
215;Walker;luceromaxwell@wong.biz;2021-01-15;http://osborne.com
216;Shah;luis82@sparks.com;2020-07-05;pace.com
217;Mitchell;lauren64@faulkner-hood.info;2020-12-05;https://frederick.com
218;Schmidt;elutz@medina-garcia.com;2021-05-11;buck-roach.com
219;Simpson;knappalisha@franco.org;2020-03-01;petersen-lam.org
220;Keith;yolanda40@rhodes.com;2020-05-03;http://www.lawrence.biz
221;Hoffman;xortiz@gates.com;2021-12-17;house-hamilton.org
222;Tyler;obates@bennett-nicholson.net;2020-10-26;https://silva.com
223;Ford;sabrinaerickson@wise.info;2020-09-10;goodwin.org
224;Gates;xrollins@mcfarland.com;2020-02-11;https://henson.net
225;Gaines;yolanda53@thomas.info;2022-01-26;https://morse.org
226;Wilson;lucas94@barrera.com;2021-02-16;mays-rivers.org
227;Jordan;wisediane@dean.com;2021-03-15;house.com
228;Stafford;tonyaruiz@farmer.com;2020-03-27;https://valencia.com
229;Saunders;triciarichards@shelton.net;2021-03-30;http://carpenter-estes.net
230;Barrera;philip88@carr.biz;2021-12-29;hudson.biz
231;Bullock;josephchaney@roach-rocha.info;2021-07-13;bradley-booth.com
232;Stuart;shanecuevas@terry.com;2020-10-01;http://cortez-cooper.com
233;Lamb;aserrano@webb.org;2021-03-02;osborne.com
234;Huang;ericksoncheyenne@taylor.com;2020-10-09;https://www.butler.info
235;Hendricks;dorothy66@howe-kim.com;2022-05-10;juarez-kane.com
236;Ramos;oscar33@holden-morrow.com;2022-03-23;http://james.org
237;Carpenter;jacobskurt@dalton-small.com;2020-12-18;https://www.chase.info
238;Whitehead;iosborn@brady.com;2020-11-08;underwood.net
239;Arnold;walterfrye@good-boyer.com;2020-04-12;salazar.com
240;Lawrence;samuelwelch@reid.net;2020-08-17;https://www.duffy-coffey.biz
241;Moran;wcole@bell.info;2021-10-18;http://parrish.com
242;Stephens;miguelmathis@crawford.info;2022-05-03;browning.info
243;Hale;romeroangie@cunningham.org;2021-01-26;james-benjamin.net
244;Lee;vbooker@donovan-stokes.info;2021-12-09;http://werner.org
245;Savage;cheyenne64@solomon.net;2021-04-29;burke.com
246;Duffy;rmcfarland@shelton.com;2021-11-17;http://www.archer.com
247;Serrano;tammyspence@day.org;2020-03-28;bradford.com
248;Rosales;joanna47@davidson.org;2020-05-07;https://alvarado.com
249;Arellano;jeffrey24@douglas-landry.com;2021-05-01;perez.com
250;Shea;burnettrebecca@brewer.info;2021-02-01;https://www.kaufman-ho.com
;;;;drake.com
;;;;http://tapia-davis.com
;;;;http://www.drake.com
;;;;terrell.com
;;;;https://www.rojas.net
;;;;ward.biz
;;;;https://hale-montes.com
;;;;lawrence-shaw.com
;;;;cross.com
;;;;http://www.nguyen-curry.com
;;;;brandt.com
;;;;https://blake.net
;;;;sharp.biz
;;;;https://atkins.com
;;;;https://www.mack.biz
;;;;durham.com
;;;;http://www.cordova.com
;;;;small-black.com
;;;;https://newman.com
;;;;larsen.org
;;;;http://gray.com
;;;;wilson.biz
;;;;spencer.com
;;;;http://barr-faulkner.info
;;;;https://www.walton.biz
;;;;zamora.org
;;;;https://patel.com
;;;;hensley.info
;;;;warner.net
;;;;https://www.wells-simon.info
;;;;https://frey.com
;;;;gill-thornton.info
;;;;https://www.donaldson-norman.com
;;;;park.info
;;;;owen-stone.info
;;;;http://www.singleton.com
;;;;michael.org
;;;;https://www.thompson.org
;;;;prince.biz
;;;;http://www.elliott-tyler.org
;;;;https://garner.net
;;;;novak-delacruz.biz
;;;;sampson.com
;;;;https://fox.biz
;;;;http://www.small.com
;;;;kidd.com
;;;;morris-moss.info
;;;;http://bautista.com
;;;;carson-dorsey.com
;;;;https://www.brock.com
;;;;hester.net
;;;;http://www.larson.com
;;;;http://sloan.info
;;;;snyder.com
;;;;zimmerman-salinas.org
;;;;https://howard-crawford.com
;;;;anderson.com
;;;;http://www.campos.org
;;;;http://www.huffman.com
;;;;pennington.com
;;;;hudson-acevedo.net
;;;;http://curry.com
;;;;norris.biz
;;;;https://www.whitehead.org
;;;;stephenson-tyler.biz
;;;;http://www.best.com
;;;;spence-beck.info
;;;;https://hinton.com
;;;;henry.org
;;;;https://weber.net
;;;;http://wilcox.com
;;;;perkins.com
;;;;neal-farrell.org
;;;;http://www.walter.info
;;;;http://www.escobar.com
;;;;frederick.com
;;;;wade-galloway.net
;;;;https://www.bridges.biz
;;;;finley-clarke.net
;;;;https://nash.info
;;;;norton.com
;;;;https://www.mendez-duran.com
;;;;http://cantu.com
;;;;peterson.net
;;;;http://www.orozco.biz
;;;;preston.org
;;;;http://mitchell.com
;;;;hansen.com
;;;;salas.com
;;;;https://vincent.com
;;;;nichols.biz
;;;;https://molina.com
;;;;carpenter-nielsen.net
;;;;http://palmer-chan.org
;;;;oliver.com
;;;;http://www.medina.info
;;;;lopez-brandt.org
;;;;https://www.butler.com
;;;;griffin.org
;;;;http://mata.com
;;;;carr-arias.com
;;;;https://galvan-lucero.org
;;;;robertson.org
;;;;http://www.pena.com
;;;;https://wallace.com
;;;;cooke.com
;;;;house.com
;;;;http://frye.com
;;;;http://haney.biz
;;;;walker.org
;;;;juarez-richmond.com
;;;;http://lam-villanueva.com
;;;;https://bradford.com
;;;;thomas.com
;;;;harrell.info
;;;;https://www.li.biz
;;;;stevens.com
;;;;http://www.bernard-archer.info
;;;;http://www.meadows.org
;;;;klein.biz
;;;;romero-owen.com
;;;;https://www.horne.com
;;;;holden-franklin.com
;;;;http://www.maldonado.com
;;;;rowe.com
;;;;https://li.com
;;;;https://franklin.com
;;;;galloway.biz
;;;;https://randolph.com
;;;;carrillo.info
;;;;http://www.wise-horton.com
;;;;arellano.com
;;;;https://www.mccarty.biz
;;;;levy.info
;;;;andersen.com
;;;;https://www.anderson.com
;;;;http://www.pacheco.com
;;;;choi.com
;;;;http://flynn-cameron.info
;;;;buck.com
;;;;blackburn.biz
;;;;http://macias-duffy.com
;;;;peterson-gould.com
;;;;https://www.lambert-smith.biz
;;;;navarro-mcmahon.com
;;;;https://mccarthy.com
;;;;mayer.net
;;;;https://www.jordan-phelps.org
;;;;barrera.org
;;;;http://powers-bird.com
;;;;rubio-garrison.org
;;;;https://www.stone.com
;;;;harrington.com
;;;;https://www.duncan.org
;;;;kelly-arellano.com
;;;;http://www.conrad.com
;;;;parks.biz
;;;;http://jones.com
;;;;golden.com
;;;;https://rhodes-hutchinson.org
;;;;maldonado.org
;;;;https://www.wheeler-wong.com
;;;;http://johnson.net
;;;;mcdowell-christensen.com
;;;;http://www.miranda.info
;;;;atkins-porter.com
;;;;garner.net
;;;;https://burnett.com
;;;;https://www.hunter.com
;;;;compton.com
;;;;https://www.rhodes.biz
;;;;hurley.com
;;;;http://mccann.com
;;;;gamble.info
;;;;http://www.weiss.com
;;;;lawrence.com
;;;;http://www.gray.org
;;;;frazier-nichols.biz
;;;;http://hodge-ramirez.com
;;;;wong.biz
;;;;sparks.com
;;;;http://www.butler.biz
;;;;faulkner-hood.info
;;;;http://mckee.com
;;;;https://www.payne.com
;;;;medina-garcia.com
;;;;franco.org
;;;;http://www.robbins.biz
;;;;rhodes.com
;;;;http://www.murray-woodard.net
;;;;gates.com
;;;;https://beltran.com
;;;;https://freeman-maddox.com
;;;;bennett-nicholson.net
;;;;http://odom.info
;;;;wise.info
;;;;https://www.hood-decker.com
;;;;mcfarland.com
;;;;https://www.marshall.com
;;;;thomas.info
;;;;https://booth-guzman.info
;;;;barrera.com
;;;;dean.com
;;;;http://bowers-ashley.com
;;;;farmer.com
;;;;http://www.hatfield.com
;;;;http://www.hurley.com
;;;;shelton.net
;;;;http://www.boyle-archer.net
;;;;carr.biz
;;;;https://www.huff.com
;;;;roach-rocha.info
;;;;terry.com
;;;;http://rubio.com
;;;;http://gordon.org
;;;;webb.org
;;;;taylor.com
;;;;https://harris-houston.biz
;;;;howe-kim.com
;;;;https://suarez.com
;;;;holden-morrow.com
;;;;https://maynard-madden.net
;;;;http://www.mathews.com
;;;;dalton-small.com
;;;;http://levine-francis.com
;;;;brady.com
;;;;good-boyer.com
;;;;http://christian.com
;;;;reid.net
;;;;https://bush.com
;;;;https://www.roth-haney.com
;;;;bell.info
;;;;crawford.info
;;;;https://burnett.com
;;;;https://www.jennings-mann.com
;;;;cunningham.org
;;;;https://greene-goodman.info
;;;;donovan-stokes.info
;;;;solomon.net
;;;;http://terrell.biz
;;;;https://www.pearson-wallace.biz
;;;;shelton.com
;;;;https://www.haley.info
;;;;day.org
;;;;davidson.org
;;;;https://www.cochran-cook.com
;;;;http://www.hardin-duran.org
;;;;douglas-landry.com
;;;;brewer.info
;;;;http://www.tyler-sosa.biz
